question,field,answer
cctv 어떻게 처리해요?,개인정보 보호 규정,"[출입이 통제된 작업장 내 CCTV설치도 제약을 받는다?] 
 작업장 내에 CCTV를 설치하여 관리하고 싶은데, 개인정보 보호법에 위배되는 건 아닌지요? 적법하게 설치하려면 어떻게 해야 할까요? 
 도로, 공원, 지하철역, 백화점 등 정보주체가 접근·통행에 제약을 받지 않는 공개된 장소에 CCTV를 설치·운영하는 경우에는 개인정보 보호법 제25조에 따라 설치·운영할 수 있습니다. 그러나 외부인의 출입이 통제되어 있고 직원 등 특정인만 출입할 수 있는 사업장, 공장 등은 공개된 장소에 해당하지 않는다고 보는 것이 일반적입니다. 
 출입이 통제된 작업장 내 CCTV설치도 제약을 받는다? 
 출입이 통제되는 작업장 내부에 CCTV를 설치하기 위해서는 개인정보보호법 제15조에 따라, 정보주체의 동의를 받아야 합니다. 

[업무위탁 시 개인정보 처리는 어떻게?] 
 이렇게 업무위탁에 관한 문서가 있는 경우에도 별도의 개인정보처리업무의 위탁에 관한 문서가 필요한가요? 
 개인정보보호법에서는 개인정보처리 업무를 위탁하는 경우에는 위탁업무 수행 목적 외 개인정보의 처리 금지에 관한 사항과 개인정보의 기술적·관리적 보호조치에 관한 사항, 위탁업무의 목적 및 범위, 재 위탁 제한에 관한 사항, 수탁자의 개인정보 관리현황 감독에 관한 사항 및 손해배상 등 책임에 관한 사항이 포함된 ‘문서에 의하도록’ 하고 있습니다.따라서 위탁업무의 내용 및 범위, 관리감독에 대한 책임, 의무 위반 시 손해배상 책임 등을 명확하게 하기 위해 ‘표준 개인정보처리위탁 계약서(안)’를 활용하여 위탁자와 수탁자가 상호 협의하고 서명이나 직인을 날인하는 것이 바람직할 것입니다. 
 업무위탁 시 개인정보 처리는 어떻게? 
 문서의 형식에는 제한이 없으나 위탁업무의 내용 및 범위, 관리감독에 대한 책임, 의무 위반 시 손해배상 책임 등을 명확하게 하기 위해 ‘표준 개인정보처리위탁 계약서(안)’를 활용하여 위탁자와 수탁자가 상호 협의하고 서명이나 직인을 날인하는 것이 바람직할 것입니다. 

[거래처에서 받은 명함을 신제품 홍보목적으로 이용한다?] 
 회사의 영업사원이 거래처 구매담당자와 명함을 교환했을 경우, 이를 회사 신제품 홍보 목적으로 이용하는 경우 동의를 받아야 하나요? 
 명함은 성명, 소속, 직위, 전화번호, 주소, 이메일 등의 개인정보를 포함하고 있으므로 명함을 통해 수집된 개인정보를 업무상 목적으로 수집·이용하기 위해서는 개인정보 보호법에서 정하고 있는 예외적인 경우를 제외하고는 정보주체의 동의가 필요합니다. 그러나 명함을 주고받는 행위는 사적 관계, 업무 관계의 여부를 불문하고 일상생활에서 다반사로 일어나는 관행적인 행위이므로, 특별한 조건을 명시하여 명함을 교부한 경우가 아니라면 명함을 제공한 정황에 비추어 보아 사회 통념상 동의 의사가 있었다고 인정되는 범위 내에서는 이용할 수 있을 것입니다. 
 거래처에서 받은 명함을 신제품 홍보목적으로 이용한다? 
 업무목적으로 거래처 담당자와 명함을 교환한 경우 정황에 비추어 상대방이 충분히 인지할 수 있다면 신제품 홍보 목적의 영업을 위해 정보주체의 동의를 받지 않아도 됩니다. 

[보험회사의 개인정보는 삭제되지 않는다?] 
 보험회사가 보유하고 있는 나의 개인정보를 삭제하도록 요청할 수 있나요? 
 개인정보보호법에 따라 정보주체는 자신의 개인정보 처리 여부를 확인하고 열람, 처리정지, 정정 및 삭제를 요청할 권리가 있으며, 다른 법령에 따라 보존해야 하는 경우가 아니라면 정보주체의 요청이 있는 경우, 개인정보처리자(보험사)는 삭제 등의 필요한 조치를 하여야 합니다.만약 보험회사에서 고객의 요청에도 불구하고 계속적으로 마케팅을 진행하고 개인정보를 삭제하지 않는 경우에는 개인정보침해신고센터로 신고할 수 있습니다. 
 보험회사의 개인정보는 삭제되지 않는다? 
 개인정보의 열람, 처리정지, 정정 및 삭제 요청은 개인정보보호법 시행규칙 제8호서식인 ‘개인정보 열람, 정정·삭제, 처리정지 요구서’를 작성하여 보험회사에 제출하시면 됩니다. 

[웹사이트 회원정보는 일방향 암호화 조치!] 
 웹사이트 회원 정보 암호화 작업 시, 시중에 판매되는 암호화 솔루션을 이용하면 되는지요? 
 개인정보보호법 및 개인정보의 안전성 확보조치 기준 고시는 암호화를 적용하여야 하는 개인정보의 항목을 규정하고 있습니다. 즉 모든 개인정보를 반드시 암호화하여야 하는 것은 아니나, 고유식별정보(주민등록번호, 여권번호, 운전면허번호, 외국인등록번호)와 비밀번호, 바이오정보는 반드시 암호화 조치를 적용하여야 합니다.물론, 이외의 개인정보도 개인정보처리자의 사정이 허락하는 한 암호화 조치를 적용하는 것이 바람직합니다. 다만, 주의하여야 할 점은 개인정보의 안전성 확보조치 기준 고시 제7조제3항에 따라 암호화 대상 정보 중 ‘비밀번호’는 중복되지 않도록 일방향 암호화하여야 합니다. 일방향 암호화는 이른바 해시 함수를 이용하여 암호화하는 방식으로, 한번 암호화를 적용하면 다시 중복되지 않는 방식입니다. 
 웹사이트 회원정보는 일방향 암호화 조치! 
 “개인정보의 안전성 확보조치 기준” 제7조에 따라 개인정보를 암호화 하는 경우에는 국가정보원 등 국내외 암호 전문기관의 인증을 받은 안전한 암호화 알고리즘을 채택한 암호화 솔루션을 이용하여야 합니다 

[‘세대주’앞으로 발송되는 정책홍보물은 위법행위?] 
 수신인을 ‘세대주’로 하여 지자체 주민에게 우편물을 발송하는 것이 개인정보 보호법 위반인가요? 
 ‘개인정보’란 생존하는 개인에 관한 정보로서 성명·주민등록번호 등에 의하여 특정한 개인을 알아볼 수 있는 부호·문자·음성·음향 및 영상 등의 정보를 말합니다. 또한 여기에는 해당 정보만으로는 특정 개인을 알아볼 수 없더라도 다른 정보와 쉽게 결합하여 알아볼 수 있는 경우가 포함됩니다. 주소만으로는 개인을 알아보기가 어렵고, 세대주와 같이 불특정인을 수신자로 하여 주소를 이용하는 경우에는 특정 개인을 알아 볼 수 없을 것입니다. 
 ‘세대주’앞으로 발송되는 정책홍보물은 위법행위? 
 지방자치단체는 해당 지역 주민의 주소만을 수집하여 수신인을 ‘세대주’로 하여 정책홍보물을 발송할 수 있습니다. "
의료분야 cctv 어떠헥 처리해요?,의료 분야,"[응급실 진료 및 치료실에 CCTV 허용?] 
 응급실 내 진료실과 치료실에 CCTV 설치가 가능한가요? 
 병원 응급실 내의 ‘접수창구, 대기실, 복도’ 등은 환자 보호자 등이 비교적 제약 없이 출입할 수 있는 장소이므로 개인정보 보호법에 따른 ‘공개된 장소’에 해당합니다. 따라서 범죄예방 및 수사, 시설안전 및 화재예방 등의 목적으로 CCTV를 설치할 수 있습니다.  그러나 병원 응급실 내의 진료실, 치료실 등은 ‘비공개된 장소’에 해당하므로 이러한 장소에는 촬영대상 정보주체(환자 및 보호자 등)의 동의를 받아 CCTV를 설치·운영할 수 있습니다. 
 응급실 진료 및 치료실에 CCTV 허용? 
 병원 응급실 내의 진료실, 치료실 등은 ‘비공개된 장소’에 해당하므로  정보주체(환자 및 보호자 등)의 동의를 받아 CCTV를 설치·운영할 수 있습니다. 

[건물 내 영상정보처리기기 안내판 부착은 어떻게?] 
 영상정보처리기기 한 대당 안내판을 각각 부착해야 하는 것인지요? 
 안내판은 촬영범위 내에서 정보주체가 알아보기 쉬운 장소에 설치하며, 안내판의 크기나 위치는 그 범위 내에서 자율적으로 정할 수 있습니다. 안내판에는 설치 목적 및 장소, 촬영범위 및 시간, 관리책임자의 성명 또는 직책 및 연락처 등을 기재하여야 합니다.이 경우 건물 안에 여러 개의 영상정보처리기기를 설치하는 경우에는 출입구 등 잘 보이는 곳에 해당 시설 또는 장소 전체가 영상정보처리기기 설치지역임을 표시하는 안내판을 설치할 수 있습니다. 
 건물 내 영상정보처리기기 안내판 부착은 어떻게? 
 백화점, 역사 등 규모가 큰 건물 안에 여러 개의 영상정보처리기기를 설치하는 경우에는 각각의 기기에 대해 개별적으로 안내판을 설치하지 않아도 되며, 출입구 등 잘 보이는 곳에 해당 시설 또는 장소 전체가 영상정보처리기기 설치지역임을 표시하는 안내판을 설치할 수 있습니다. 

[개인이 휴대전화 카메라로 타인의 영상정보를 촬영하였다?] 
 다른 사람을 함부로 촬영하는 것은 개인정보침해 아닌가요? 
 개인정보보호법은 기본적으로 업무를 목적으로 개인정보파일을 운용하기 위하여 스스로 또는 다른 사람을 통하여 개인정보를 처리하는 공공기관, 법인, 단체 및 개인(개인정보처리자)에게 적용되는 바, 사적·개인적 목적으로 영상을 촬영하는 행위는 개인정정보보호법이 적용되지 않습니다.다만, 다른 사람을 영상을 무단으로 촬영하여 인터넷 등에 올리는 경우 형법상 명예훼손 등에 따라 처벌받을 수 있습니다. 
 개인이 휴대전화 카메라로 타인의 영상정보를 촬영하였다? 
 다른 사람의 영상을 무단으로 촬영하여 인터넷 등에 올리는 경우 형법상 명예훼손 등에 따라 처벌받을 수 있습니다. 

[DB 접속기록도 암호화?] 
 DB 접속기록에 포함되어 있는 고유식별정보를 암호화해야 하나요? 
 개인정보보호법에 따라 고유식별정보(주민등록번호, 운전면허번호, 여권번호, 외국인등록번호)와 바이오정보 및 비밀번호는 안전한 알고리즘으로 암호화하여야 합니다.안전성확보조치를 하는 과정에서 DB 접속 기록 및 접속 결과에 암호화 대상정보(고유식별 정보, 바이오정보, 비밀번호)가 포함되어 있다면 이 또한 암호화 기술의 적용 등 개인정보보호법에 따른 안전성확보에 필요한 조치를 하여야 합니다. 
 DB 접속기록도 암호화? 
 안전성확보조치를 하는 과정에서 DB 접속 기록 및 접속 결과에 암호화 대상정보(고유식별 정보, 바이오정보, 비밀번호)가 포함되어 있다면 암호화 기술의 적용 등 개인정보보호법에 따른 안전성확보에 필요한 조치를 하여야 합니다. 

[통계작성을 위한 주민현황 자료도 동의를 받아야 한다?] 
 지방자치단체는 통계작성을 위해 필요한 주민의 현황 자료를 제공할 수 있는지요? 
 개인정보 보호법에 따라 개인정보처리자가 제3자에게 개인정보를 제공하기 위해서는 원칙적으로 정보주체의 동의를 받아야 하나, 통계작성 및 학술연구 등의 목적을 위하여 필요한 경우로 특정 개인을 알아볼 수 없는 형태로 처리한 경우에는 동의 없이 제공할 수 있습니다. 통계작성을 위하여 지역주민을 연령, 출생연도, 출신지역 등에 따라 구분지어 조사한 현황은 그 자체로는 개인을 식별할 수 없습니다. 
 통계작성을 위한 주민현황 자료도 동의를 받아야 한다? 
 지방자치단체는 통계작성을 위한 경우 지역주민을 알아볼 수 없도록 처리된 연령별, 출생연도별, 출신지역별 주민 현황을 요청기관에 제공할 수 있으며, 주민의 동의는 필요하지 않습니다. 

[판촉행사 위탁 시 고객에게 알려야 한다?] 
 텔레마케팅(TM)을 하거나 우편물(DM) 발송업무를 위탁할 때, 고객에게 위탁업체를 알려야 한다고 하는데, 어떠한 방식으로 알려야 하나요? 
 A사의 텔레마케팅(TM) 및 우편물(DM) 발송 등의 업무는 재화 또는 서비스를 홍보하거나 판매를 권유하는 업무에 해당됩니다. 개인정보 보호법 제26조에 따라 개인정보처리자가 개인정보 처리업무를 위탁하는 경우 정보주체의 동의는 필요하지 않지만, 정보주체가 언제든지 쉽게 확인할 수 있도록 개인정보처리자의 인터넷 홈페이지에 위탁하는 업무의 내용과 수탁자를 지속적으로 게재하여야 합니다. 다만 위탁자가 재화 또는 서비스를 홍보하거나 판매를 권유하는 업무를 위탁하는 경우에는 개인정보 보호법 시행령 제28조4항에 따라 ‘서면, 전자우편, 팩스, 전화, 문자전송 또는 이에 상당하는 방법(이하 “서면등의 방법”)으로 위탁하는 업무의 내용과 수탁자를 고객에게 알리고, 서면 등의 방법으로 알릴 수 없는 경우에는 개인정보 처리자의 인터넷 홈페이지에 30일 이상 게재하여야 합니다. 
 판촉행사 위탁 시 고객에게 알려야 한다? 
 A사는 재화 또는 서비스를 홍보하거나 판매를 권유하는 업무(TM)를 위탁하고 있으므로, ‘서면, 전자우편, 팩스, 전화, 문자전송 또는 이에 상당하는 방법으로 위탁하는 업무의 내용과 수탁자를 고객에게 알려야 합니다."
의료분야 cctv 어떻게 처리하는지 비교해주세요?,의료 분야,"[응급실 진료 및 치료실에 CCTV 허용?] 
 응급실 내 진료실과 치료실에 CCTV 설치가 가능한가요? 
 병원 응급실 내의 ‘접수창구, 대기실, 복도’ 등은 환자 보호자 등이 비교적 제약 없이 출입할 수 있는 장소이므로 개인정보 보호법에 따른 ‘공개된 장소’에 해당합니다. 따라서 범죄예방 및 수사, 시설안전 및 화재예방 등의 목적으로 CCTV를 설치할 수 있습니다.  그러나 병원 응급실 내의 진료실, 치료실 등은 ‘비공개된 장소’에 해당하므로 이러한 장소에는 촬영대상 정보주체(환자 및 보호자 등)의 동의를 받아 CCTV를 설치·운영할 수 있습니다. 
 응급실 진료 및 치료실에 CCTV 허용? 
 병원 응급실 내의 진료실, 치료실 등은 ‘비공개된 장소’에 해당하므로  정보주체(환자 및 보호자 등)의 동의를 받아 CCTV를 설치·운영할 수 있습니다. 

[건물 내 영상정보처리기기 안내판 부착은 어떻게?] 
 영상정보처리기기 한 대당 안내판을 각각 부착해야 하는 것인지요? 
 안내판은 촬영범위 내에서 정보주체가 알아보기 쉬운 장소에 설치하며, 안내판의 크기나 위치는 그 범위 내에서 자율적으로 정할 수 있습니다. 안내판에는 설치 목적 및 장소, 촬영범위 및 시간, 관리책임자의 성명 또는 직책 및 연락처 등을 기재하여야 합니다.이 경우 건물 안에 여러 개의 영상정보처리기기를 설치하는 경우에는 출입구 등 잘 보이는 곳에 해당 시설 또는 장소 전체가 영상정보처리기기 설치지역임을 표시하는 안내판을 설치할 수 있습니다. 

[개인이 휴대전화 카메라로 타인의 영상정보를 촬영하였다?] 
 다른 사람을 함부로 촬영하는 것은 개인정보침해 아닌가요? 
 개인정보보호법은 기본적으로 업무를 목적으로 개인정보파일을 운용하기 위하여 스스로 또는 다른 사람을 통하여 개인정보를 처리하는 공공기관, 법인, 단체 및 개인(개인정보처리자)에게 적용되는 바, 사적·개인적 목적으로 영상을 촬영하는 행위는 개인정정보호법이 적용되지 않습니다.다만, 다른 사람을 영상을 무단으로 촬영하여 인터넷 등에 올리는 경우 형법상 명예훼손 등에 따라 처벌받을 수 있습니다. 

[개인정보 분쟁조정을 신청할 수 있는 경우는?] 
 이러한 문제도 개인정보 분쟁조정에서 해결 할 수 있나요? 
 개인정보 보호법은 개인정보와 관련한 분쟁해결을 신속하게 해결할 수 있도록 소송외적 수단으로 조정제도를 도입하고 있습니다. 개인정보와 관련한 분쟁이 있는 경우 누구나 ‘개인정보 분쟁조정위원회’(02-405-4710, kopico.or.kr)에 전화나 서면을 통해 조정을 신청할 수 있습니다. 위원회가 분쟁조정의 신청을 받은 때에는 그 신청내용을 상대방에게 알리고 분쟁조정의 신청을 받은 날로부터 60일 이내에 심사하여 조정안을 작성합니다. 만약 분쟁조정 중에 당사자 일방이 소송을 제기하게 되면, 그 조정의 처리가 중지되고 이를 당사자에게 알려야 합니다. 조정안을 제시받은 당사자는 제시받은 날로부터 15일 이내에 조정안의 내용에 대한 수락여부를 알려야 합니다. 수락여부를 알리지 않은 경우에는 조정을 거부한 것으로 봅니다. 

[DB 접속기록도 암호화?] 
 DB 접속기록에 포함되어 있는 고유식별정보를 암호화해야 하나요? 
 개인정보보호법에 따라 고유식별정보(주민등록번호, 운전면허번호, 여권번호, 외국인등록번호)와 바이오정보 및 비밀번호는 안전한 알고리즘으로 암호화하여야 합니다.안전성확보조치를 하는 과정에서 DB 접속 기록 및 접속 결과에 암호화 대상정보(고유식별 정보, 바이오정보, 비밀번호)가 포함되어 있다면 이 또한 암호화 기술의 적용 등 개인정보보호법에 따른 안전성확보에 필요한 조치를 하여야 합니다. 

[자격증 진위여부를 확인하기 위한 개인정보 제공은 가능?] 
 A기관은 B기관의 요청에 따라 A기관에서 발급한 자격증취득자의 자격증 진위여부를 확인해 줄 수 있나요? 
 A기관은 법에 근거하여 자격증명시험과 시험합격자의 자격증명서 발급 등에 관한 사무를 수행하고 있는데, 자격검정과목 면제를 위하여 자격증명서의 진위 여부를 확인해 주는 것은 A기관의 소관업무에 해당합니다. 

[자격증 진위여부를 확인하기 위한 개인정보 제공은 가능?] 
 개인정보보호법 제17조제1항제2호에 따라 법령에서 정한 소관업무 수행을 위하여 A기관은 자격증취득자의 동의 없이 기술자격검정 과목 면제에 필요한 자격증 진위여부를 B기관에 확인하여 줄 수 있습니다."
